{
  "project_info": {
    "project_number": "6421271772",
    "project_id": "sicakep-324c8",
    "storage_bucket": "sicakep-324c8.firebasestorage.app"
  },
  "client": [
    {
      "client_info": {
        "mobilesdk_app_id": "1:6421271772:android:135505bf50392ca2f95019",
        "android_client_info": {
          "package_name": "com.example.sicakep"
        }
      },
      "oauth_client": [],
      "api_key": [
        {
          "current_key": "AIzaSyAJlGqfvRqhDlSGg5W7F_4YEkeFD8vj56w"
        }
      ],
      "services": {
        "appinvite_service": {
          "other_platform_oauth_client": []
        }
      }
    }
  ],
  "configuration_version": "1"
}